,ENST,sequence,around_seq,chr,start,end,gene,strand,location,gene_location,transcript,miRNA_dists,polyA_dists,annotation,class
0,ENST00000234875,GGGAGGCAGATGCGGGTGTGGAGGTGTGGG,TTGTAACTTGACTTCTTTTTTTTTCTGCTTAAAAATTTCAATTCTCGTGGTAATACCAGAGTAGAAGGAGAGGGTGACTTTACCGAACTGACAGCCATTGGGGAGGCAGATGCGGGTGTGGAGGTGTGGGCTGAAGGTAGTGACTGTTTGATTTTAAAAAGTGTGACTGTCAGTTGTATCTGTTGCTTTTCTCAATGATTCAGGGATACAAATGGGCTTCTCTCATTCAT,chr1,6246453,6246483,RPL22,-,chr1_6246453_-,RPL22_chr1_6246453_-,NM_000983,173.0,-1339.0,utr3,bulge
1,ENST00000462138,GCCTAGGGCGGGTATGAAGTGTGGGGCGGG,TAACCGGGTACCAAGAAGTGGGAAGCCGGCTGAGCTGCTGAAGATGTTTGGTATCGACAGGGATGCCATTGCACAAGCTGTGAGGGGCCTCATCACCAAGGCCTAGGGCGGGTATGAAGTGTGGGGCGGGGGTCTATACATTCCTGAGATTCTGGGAAAGGTGCTCAAAGATGTACTGAGAGGAGGGGTAAATATATGTTTTGAGAAAAATGAATTGGCCCTGNNNTGTT,chr3,53259748,53259778,TKT,-,chr3_53259748_-,TKT_chr3_53259748_-,NM_001064,-8.0,,"cds,utr3",long_loop
2,ENST00000293831,GAGGAGCAGCAGGAGGGGGGAGGGAAGGGA,TACAACACCTCCATTGAGGAAATGCCCCTCAATGTTGCTGACCTCATCTGAGGGGCTGTCCTGCCACCCAGCCCCAGCCAGGGCTCAATCTCTGGGGGCTGAGGAGCAGCAGGAGGGGGGAGGGAAGGGAGCCAAGGGATGGACATCTTGTCATTTTTTTTCTTTGAATAAATGTCACTTTTTGAGGCAAAAGAAGGAACCGTGAACATTTTAGACACCCTTTTCTTTGG,chr17,7481853,7481883,EIF4A1,+,chr17_7481883_+,EIF4A1_chr17_7481883_+,NM_001416,0.0,-419.0,utr3,bulge
3,ENST00000309311,TAATGGGCCGGTCGGGGAGGGGGAGGCGGG,CCGCTGCGTGCCATCACTCAACCATAACACTTGATGCCGTTTCTTTCAATATTTATTTCCAGAGTCCGGAGGCAGCAGACACGCCCTCTTAGTAGGGACTTAATGGGCCGGTCGGGGAGGGGGAGGCGGGATGGGACACCCAACACTTTTTCCATTTCTTCAGAGGGAAACTCAGATGTCCAAACTAATTTTAACAAACGCATTAAGAGGTTTATTTGGGTACATGGCCC,chr19,3976294,3976324,EEF2,-,chr19_3976294_-,EEF2_chr19_3976294_-,NM_001961,-70.0,-219.0,utr3,PQs_7
4,ENST00000341423,GGAAGATGAAGAGGATGAGGAGGAGGAGGA,ATATTGCTGCATATCGAGCTAAAGGAAAGCCTGATGCAGCAAAAAAGGGAGTTGTCAAGGCTGAAAAAAGCAAGAAAAAGAAGGAAGAGGAGGAAGATGAGGAAGATGAAGAGGATGAGGAGGAGGAGGAAGATGAAGAAGATGAAGATGAAGAAGAAGATGATGATGATGAATAAGTTGGTTCTAGCGCAGTTTTTTTTTTCTTGTCTATAAAGCATTTAACCCCCCTG,chr13,31035540,31035570,HMGB1,-,chr13_31035540_-,HMGB1_chr13_31035540_-,NM_002128,-105.0,-486.0,cds,2-quartet
5,ENST00000546500,GGTGGTGGTCGTGGAGGTGGTTTCGGTGGG,TGTGAATGGCCACAACTGTGAAGTTAGAAAAGCCCTGTCAAAGCAAGAGATGGCTAGTGCTTCATCCAGCCAAAGAGGTCGAAGTGGTTCTGGAAACTTTGGTGGTGGTCGTGGAGGTGGTTTCGGTGGGAATGACAACTTCGGTCGTGGAGGAAACTTCAGTGGTCGTGGTGGCTTTGGTGGCAGCCGTGGTGGTGGTGGATATGGTGGCAGTGGGGATGGCTATAATG,chr12,54676379,54676409,HNRNPA1,+,chr12_54676409_+,HNRNPA1_chr12_54676409_+,NM_002136,-343.0,-645.0,cds,bulge
6,ENST00000388968,GGTGGAATGGGAGGTGGTATGGGAGGTGGC,TTTATTGGATGCTGCTGGTGTGGCCTCTCTGTTAACTACAGCAGAAGTTGTAGTCACAGAAATTCCTAAAGAAGAGAAGGACCCTGGAATGGGTGCAATGGGTGGAATGGGAGGTGGTATGGGAGGTGGCATGTTCTAACTCCTAGACTAGTGCTTTACCTTTATTAATGAACTGTGACAGGAAGCCCAAGGCAGTGTTCCTCACCAATAACTTCAGAGAAGTCAGTTGG,chr2,198351779,198351809,HSPD1,-,chr2_198351779_-,HSPD1_chr2_198351779_-,NM_002156,-42.0,-449.0,cds,long_loop
7,ENST00000394936,TTGTTTGGGGTTCTGTGGGTTTGGGTGGGA,GGAAGCAGCTGCTGGTGGCTTGGGACATCAGTGGGGCCAAGGGTTCTCTGTCCCTGGTTCAACTGTGATTTGGCTTTCCCGTGTCTTTCCTGGTGATGCCTTGTTTGGGGTTCTGTGGGTTTGGGTGGGAAGAGGGCCATCTGCCTGAATGTAACCTGCTAGCTCTCCGAAGGCCCTGCGGGCCTGGCTTGTGTGAGCGTGTGGACAGTGGTGGCCGCGCTGTGCCTGCT,chr10,73576512,73576542,PSAP,-,chr10_73576512_-,PSAP_chr10_73576512_-,NM_002778,-16.0,-437.0,utr3,PQs_7
8,ENST00000333676,GCACAGACCTACTGTGGCGGGAGGGAGGGG,TCCCGCCCTCCCGTGGTCACTGGCTCCGCCCCCAGCACCAGGCGCCCAGTGGAGCCGTTTGGGAGAATTGCCTGCGCCACGCAGCGGGGCCGGACAGGCCGCACAGACCTACTGTGGCGGGAGGGAGGGGCGGCTGCTGCCTGGTGACGGCACCCGGAGGCCCACCAGGACGCGCCACCGGTGAATGTGCCTCTGGTGGCTGCTGAGAAAAATACACTGTGCAGCTCAGT,chr17,79674419,79674449,MRPL12,+,chr17_79674449_+,MRPL12_chr17_79674449_+,NM_002949,,-76.0,utr3,bulge
9,ENST00000343262,GCCCGGGGGCCCTGGTGGCCCTGGGATGGG,GCTATAAAAGCTGCTTCCCAGTAGGTCTCGTTCTTCTTTTCCGACAAAACACCAAATGGCGGATGACGCCGGTGCAGCGGGGGGGCCCGGGGGCCCTGGTGGCCCTGGGATGGGGAACCGCGGTGGCTTCCGCGGAGGTTTCGGCAGTGGCATCCGGGGCCGGGGTCGCGGCCGTGGACGGGGCCGGGGCCGAGGCCGCGGAGCTCGCGGAGGC,chr16,2014568,2014598,RPS2,-,chr16_2014568_-,RPS2_chr16_2014568_-,NM_002952,,-841.0,cds,long_loop
10,ENST00000265462,GAGTGGAAGTGGCCGTGGGGCGGGTATGGG,GCCTGCGCAGTGGAGGCGGCCCAGGCCCGCCTTCCGCAGGGTGTCGCCGCTGTGCCGCTAGCGGTGCCCCGCCTGCTGCGGTGGCACCAGCCAGGAGGCGGAGTGGAAGTGGCCGTGGGGCGGGTATGGGACTAGCTGGCGTGTGCGCCCTGAGACGCTCAGCGGGCTATATACTCGTCGGTGGGGCCGGCGGTCAGTCTGCGGCAGCGGCAGCAAGACGGTACAGTGAA,chr11,64085662,64085692,PRDX5,+,chr11_64085692_+,PRDX5_chr11_64085692_+,NM_012094,,-736.0,"cds,utr5",bulge
11,ENST00000264552,TTATGGCTGGGGTCGGGGAGGGTACAGGGG,GCGGGCGCTGCGGCGGCTGTAGTGGGCTCTCTTCCTCCTTCCACCGTGACCCCAACCTCTCCTGTCCCCTCCCTCCAACTCTGTCTCTAAGTTATTTAAATTATGGCTGGGGTCGGGGAGGGTACAGGGGGCACTGGGACCTGGATTTGTTTTTCTAAATAAAGTTGGAAAAGCAGCTTCTGTGTCTCACANNTGCCCCAGGACCGCTGCATGGTNCCATGTGNNTCTNN,chr19,55912696,55912726,UBE2S,-,chr19_55912696_-,UBE2S_chr19_55912696_-,NM_014501,,-28.0,utr3,PQs_7
12,ENST00000246802,CAGGCCAGGGCGAGGGGCCGGAGGCTGGGG,CAGCTGGCCCTGCCCGCCACGGAGCAGGCCGCCACCCAGGAGTCCACATTCCAGGAGCTGTGCGAGGGGCTGCTGGAGGAGTCGGATGGTGAGGGGGAGCCAGGCCAGGGCGAGGGGCCGGAGGCTGGGGATGCCGAGGTCTGTCCCACGCCCGCCCGCCTGGCCACCACAGAGAAGAAGACGGAGCAGCAGCGGCGGCGGGAGAAGGCTGTGCACAGGCTGCGGGTACA,chr19,48258026,48258056,GLTSCR2,+,chr19_48258056_+,GLTSCR2_chr19_48258056_+,NM_015710,,-507.0,cds,long_loop
13,ENST00000396210,CCTCCTCCTCGGCCTCACCATTCCAGACCA,TGCATTGCGCGCGACCCGGCGGCGGGACAGGCTTGCTGCTTCCTCCTCCTCGGCCTCACCATTCCAGACCAAAATTGAAAAAATGGTTGACCTCACCCAGGTAATGGATGATGAAGTATTCATGGCTTTTGCATCCTATGCAACAATTATTCTTTCAAAAATGATGCTTAT,chr12,16500625,16500723,MGST1,+,chr12_16500723_+,MGST1_chr12_16500723_+,NM_020300,,-828.0,utr5,Others
14,ENST00000396210,GGCCTCACCATTCCAGACCAAAATTGAAAA,TGCATTGCGCGCGACCCGGCGGCGGGACAGGCTTGCTGCTTCCTCCTCCTCGGCCTCACCATTCCAGACCAAAATTGAAAAAATGGTTGACCTCACCCAGGTAATGGATGATGAAGTATTCATGGCTTTTGCATCCTATGCAACAATTATTCTTTCAAAAATGATGCTTATGAGTACTGCA,chr12,16500635,16500733,MGST1,+,chr12_16500733_+,MGST1_chr12_16500733_+,NM_020300,,-818.0,utr5,Others
15,ENST00000451311,GAAGAAGTGGGGTGGAAGAAGTGGGGTGGG,TCACATCAAAGAACTACTGACAACGAAGGCCGCGCCTGCCTTTCCCATCTGTCTATCTATCTGGCTGGCAGGGAAGGAAAGAACTTGCATGTTGGTGAAGGAAGAAGTGGGGTGGAAGAAGTGGGGTGGGACGACAGTGAAATCTAGAGTAAAACCAAGCTGGCCCAAGGTGTCCTGCAGGCTGTAATGCAGTTTAATCAGAGTGCCATTTTTTTTTTTGTTCAAATGAT,chrX,12995159,12995189,TMSB4X,+,chrX_12995189_+,TMSB4X_chrX_12995189_+,NM_021109,-56.0,,utr3,bulge
16,ENST00000358227,TGATGGGGGCGGGCGGGTACGTGTACTGGG,AAACCTGCGCCCCCAGCTACACCCGGAGCGCCGACCTCCCCAGCAGAACACCGCCTGTTGAAGACCTGCTGGAGCTGTCGCGTGCTTTCTGGGTTGGGGCTGATGGGGGCGGGCGGGTACGTGTACTGGGTGGCACGGAAGCCCATGAAGATGGGATACCCCCCGAGTCCATGGACCATTACGCAGATGGTCATCGGCCTCAGCATTGCCACCTGGGGTATCGTTGTCAT,chr9,7799533,7799563,C9orf123,-,chr9_7799533_-,C9orf123_chr9_7799533_-,NM_033428,,-2186.0,cds,PQs_7
17,ENST00000358227,TCTGGGTTGGGGCTGATGGGGGCGGGCGGG,CGCCGCGCCCGCCAAACCTGCGCCCCCAGCTACACCCGGAGCGCCGACCTCCCCAGCAGAACACCGCCTGTTGAAGACCTGCTGGAGCTGTCGCGTGCTTTCTGGGTTGGGGCTGATGGGGGCGGGCGGGTACGTGTACTGGGTGGCACGGAAGCCCATGAAGATGGGATACCCCCCGAGTCCATGGACCATTACGCAGATGGTCATCGGCCTCAGCATTGCCACCTGGG,chr9,7799546,7799576,C9orf123,-,chr9_7799546_-,C9orf123_chr9_7799546_-,NM_033428,,-2199.0,cds,PQs_7
18,ENST00000391851,GTTTTAGGGGCCTGGGCTGGGGGGATGGGG,GCTGAGGCCCGGCTCTCCCGCCCTGCACGAGCCCAGGGGCTGAGCGTTCCTAGGCGGTTTCGGGGCTCCCCCTTCCTCTCCCTCCCTCCCGCAGAAGGGGGTTTTAGGGGCCTGGGCTGGGGGGATGGGGAGGGCACATCGTGACTGTGTTTTTCATAACTTATGTTTTTATATGGTTGCATTTACGCCAATAAATCCTCAGCTG,chr19,50191597,50191627,PRMT1,+,chr19_50191627_+,PRMT1_chr19_50191627_+,NM_198318,-2.0,-60.0,utr3,PQs_7
21,ENST00000372692,CAAAGGGTGGGTTTGAGATGTTTGGGTGGG,TGAATATGGACAGTTAGCATTTACCAACATGTATCTGTCTACTTTCTCTTGTTTAAAAAAAGAAAAAAAAACTTAAAAAAATGGGGTTATAGAAGGTCAGCAAAGGGTGGGTTTGAGATGTTTGGGTGGGTTAAGTGGGCATTTTGACAACATGGCTTCTCCTTTGGCATGTTTAATTGTGATATTTGACAGACATCCTTGCAGTTTAAGATGACACTTTTAAAATAAAT,chr9,131457467,131457497,SET,+,chr9_131457497_+,SET_chr9_131457497_+,NM_001248001,0.0,-292.0,utr3,long_loop
23,ENST00000221801,GGAGGTGGAGGCGGCGGCGGCGGTGGAGGA,CGGCCGAGGGGGCTTTGGTGACCGTGGTGGTCGTGGAGGCCGAGGGGGCTTTGGCGGGGGCCGAGGTCGAGGCGGAGGCTTTAGAGGTCGTGGACGAGGAGGAGGTGGAGGCGGCGGCGGCGGTGGAGGAGGAGGAAGAGGTGGTGGAGGCTTCCATTCTGGTGGCAACCGGGGTCGTGGTCGGGGAGGAAAAAGAGGAAACCAGTCGGGGAAGAATGTGATGGTGGAGC,chr19,40331270,40331300,FBL,-,chr19_40331270_-,FBL_chr19_40331270_-,NM_001436,,-860.0,cds,2-quartet
28,ENST00000335007,CGGCGCCGCTGCGGGAGGGTCGGCGGTGGG,GGCAGGGGGGGGACCCGCCGCGGCTGCTGCCACCGCCGCCACCACCGCCTCTGCTCGTGGCGTGGGAAAGGAGGTGTGAGTCCCGGGCGCGAGCCGGCGGCGGCGCCGCTGCGGGAGGGTCGGCGGTGGGAAGGCGATGGCGGATTTAGATAAACTCAACATCGACAGCATTATCCAACGGCTGCTGGAAGTGAGAGGGTCCAAGCCTGGTAAGAATGTCCAGCTTCAGG,chr12,111180519,111180549,PPP1CC,-,chr12_111180519_-,PPP1CC_chr12_111180519_-,NM_002710,-1394.0,-1385.0,utr5,bulge
32,ENST00000529806,GCCCGGGGGCCCTGGTGGCCCTGGGATGGG,TGGGTCTCGCGGGGGGCTGCCAGATGCGTAGGCCACACTGACTAGTTCCTTCTTGTCGCTTTTCCCAGCAAATGGCGGATGACGCCGGTGCAGCGGGGGGGCCCGGGGGCCCTGGTGGCCCTGGGATGGGGAACCGCGGTGGCTTCCGCGGAGGTTTCGGCAGTGGCATCCGGGGCCGGGGTCGCGGCCGTGGACGGGGCCGGGGCCGAGGCCGCGGAGCTCGCGGAGGC,chr16,2014568,2014598,RPS2,-,chr16_2014568_-,RPS2_chr16_2014568_-,NM_002952,,-841.0,cds,long_loop
33,ENST00000268150,CAGAGGAGGGCATGGGTTGGCAGGGTGGGC,CTTCCCCTTGTCTCCCTGGTTGCCTCTCTTGCCCCTTGTCCTGAAGCCCAGCGACACAGAAGGGGGTGGGGCGGGTCTATGGGGAGAAAGGGAGCGAGGTCAGAGGAGGGCATGGGTTGGCAGGGTGGGCGTTTGGGGCCCTCTATGCTGGCTTTTCACCCCAGAGGACACAGGCA,chr15,89441993,89442023,MFGE8,-,chr15_89441993_-,MFGE8_chr15_89441993_-,NM_005928,-40.0,-55.0,utr3,PQs_7
43,ENST00000373316,CCGCTTTCATGTGGAGGAAGAAGGGAAGGG,TGGGCAAGGATGTTCTGTTCTTGAAGGACTGTGTAGGCCCAGAAGTGGAGAAAGCCTGTGCCAACCCAGCTGCTGGGTCTGTCATCCTGCTGGAGAACCTCCGCTTTCATGTGGAGGAAGAAGGGAAGGGAAAAGATGCTTCTGGGAACAAGGTTAAAGCCGAGCCAGCCAAAATAGAAGCTTTCCGAGCTTCACTTTCCAAGCTAGGGGATGTCTATGTCAATGATGCT,chrX,77369605,77369635,PGK1,+,chrX_77369635_+,PGK1_chrX_77369635_+,NM_000291,-876.0,-1277.0,cds,2-quartet
44,ENST00000373316,TCAATGAGATGATTATTGGTGGTGGAATGG,GCAAAGGCCTTGGAGAGCCCAGAGCGACCCTTCCTGGCCATCCTGGGCGGAGCTAAAGTTGCAGACAAGATCCAGCTCATCAATAATATGCTGGACAAAGTCAATGAGATGATTATTGGTGGTGGAATGGCTTTTACCTTCCTTAAGGTGCTCAACAACATGGAGATTGGCACTTCTCTGTTTGATGAAGAGGGAGCCAAGATTGTCAAAGACCTAATGTCCAAAGCTGA,chrX,77378381,77378411,PGK1,+,chrX_77378411_+,PGK1_chrX_77378411_+,NM_000291,-550.0,-951.0,cds,2-quartet
45,ENST00000373316,GCAGATTGTGTGGAATGGTCCTGTGGGGGT,GCCAAGCCACTGTGGCTTCTGGCATACCTGCTGGCTGGATGGGCTTGGACTGTGGTCCTGAAAGCAGCAAGAAGTATGCTGAGGCTGTCACTCGGGCTAAGCAGATTGTGTGGAATGGTCCTGTGGGGGTATTTGAATGGGAAGCTTTTGCCCGGGGAACCAAAGCTCTCATGGATGAGGTGGTGAAAGCCACTTCTAGGGGCTGCATCACCATCATAGGTGGTGGAGAC,chrX,77380429,77380459,PGK1,+,chrX_77380459_+,PGK1_chrX_77380459_+,NM_000291,-246.0,-647.0,cds,2-quartet
46,ENST00000229270,TCCTTGGCTGAGAGATGGAAGGCGTGGTGG,CCTTTACTGTTTATATCTTCACCCTGTAATGGTTGGGACCAGGCCAATCCCTTCTCCACTTACTATAATGGTTGGAACTAAACGTCACCAAGGTGGCTTCTCCTTGGCTGAGAGATGGAAGGCGTGGTGGGATTTGCTCCTGGGTTCCCTAGGCCCTAGTGAGGGCAGAAGAGAAACCATCCTCTCCCTTCTTACACCGTGAGGCCAAGATCCCCTCAGAAGGCAGGAGT,chr12,6979783,6979813,TPI1,+,chr12_6979813_+,TPI1_chr12_6979813_+,NM_000365,60.0,-162.0,utr3,2-quartet
47,ENST00000396705,TCCTTGGCTGAGAGATGGAAGGCGTGGTGG,CCTTTACTGTTTATATCTTCACCCTGTAATGGTTGGGACCAGGCCAATCCCTTCTCCACTTACTATAATGGTTGGAACTAAACGTCACCAAGGTGGCTTCTCCTTGGCTGAGAGATGGAAGGCGTGGTGGGATTTGCTCCTGGGTTCCCTAGGCCCTAGTGAGGGCAGAAGAGAAACCATCCTCTCCCTTCTTACACCGTGAGGCCAAGATCCCCTCAGAAGGCAGGAGT,chr12,6979783,6979813,TPI1,+,chr12_6979813_+,TPI1_chr12_6979813_+,NM_000365,60.0,-162.0,utr3,2-quartet
48,ENST00000398606,ATCAGGGCCAGAGCTGGAAGGAGGAGGTGG,TGGAGTTTCGCCGCCGCAGTCTTCGCCACCATGCCGCCCTACACCGTGGTCTATTTCCCAGTTCGAGGCCGCTGCGCGGCCCTGCGCATGCTGCTGGCAGATCAGGGCCAGAGCTGGAAGGAGGAGGTGGTGACCGTGGAGACGTGGCAGGAGGGCTCACTCAAAGCCTCCTGCCTATACGGGCAGCTCCCCAAGTTCCAGGACGGAGACCTCACCCTGTACCAGTCCAA,chr11,67351967,67351997,GSTP1,+,chr11_67351997_+,GSTP1_chr11_67351997_+,NM_000852,,-588.0,cds,2-quartet
49,ENST00000326739,GGTGTGGATGCCCTGCGGGTGGGCATGGGA,GATCAATATGATCAAGTACATCAAAGACAAATACCCTAATCTCCAAGTCATTGGAGGCAATGTGGTCACTGCTGCCCAGGCCAAGAACCTCATTGATGCAGGTGTGGATGCCCTGCGGGTGGGCATGGGAAGTGGCTCCATCTGCATTACGCAGGAAGTGCTGGCCTGTGGGCGGCCCCAAGCAACAGCAGTGTACAAGGTGTCAGAGTATGCACGGCGCTTTGGTGTTC,chr3,49063785,49063815,IMPDH2,-,chr3_49063785_-,IMPDH2_chr3_49063785_-,NM_000884,,-603.0,cds,bulge
50,ENST00000300026,TAGAGGGCATGGAGGTGGTGCGGAAGGTGG,ATGGCCAACGCAGGCAAAGACACCAACGGCTCCCAGTTCTTCATCACGACAGTCAAGACAGCCTGGCTAGATGGCAAGCATGTGGTGTTTGGCAAAGTTCTAGAGGGCATGGAGGTGGTGCGGAAGGTGGAGAGCACCAAGACAGACAGCCGGGATAAACCCCTGAAGGATGTGATCATCGCAGACTGCGGCAAGATCGAGGTGGAGAAGCCCTTTGCCATCGCCAAGGA,chr15,64448325,64448935,PPIB,-,chr15_64448325_-,PPIB_chr15_64448325_-,NM_000942,-221.0,-276.0,cds,bulge
51,ENST00000216146,GATCCAAGGTGAACAAGAAGGAGGTGGTGG,AGCTTCCCTAAGGATGACCCGTCCAAGCCGGTCCACCTCACAGCCTTCCTGGGATACAAGGCTGGCATGACTCACATCGTGCGGGAAGTCGACAGGCCGGGATCCAAGGTGAACAAGAAGGAGGTGGTGGAGGCTGTGACCATTGTAGAGACACCACCCATGGTGGTTGTGGGCATTGTGGGCTACGTGGAAACCCCTCGAGGCCTCCGGACCTTCAAGACTGTCTTTGC,chr22,39713610,39714411,RPL3,-,chr22_39713610_-,RPL3_chr22_39713610_-,NM_000967,,-1027.0,cds,bulge
52,ENST00000401609,GATCCAAGGTGAACAAGAAGGAGGTGGTGG,AGCTTCCCTAAGGATGACCCGTCCAAGCCGGTCCACCTCACAGCCTTCCTGGGATACAAGGCTGGCATGACTCACATCGTGCGGGAAGTCGACAGGCCGGGATCCAAGGTGAACAAGAAGGAGGTGGTGGAGGCTGTGACCATTGTAGAGACACCACCCATGGTGGTTGTGGGCATTGTGGGCTACGTGGAAACCCCTCGAGGCCTCCGGACCTTCAAGACTGTCTTTGC,chr22,39713610,39714411,RPL3,-,chr22_39713610_-,RPL3_chr22_39713610_-,NM_000967,,-1027.0,cds,bulge
53,ENST00000370321,GGTGCCCTGAAGGGAGCTGTGGATGGAGGC,TGATGAATACAATGTGGAAAGCATTGATGGTCAGCCAGGTGCCTTCACCTGCTATTTGGATGCAGGCCTTGCCAGAACTACCACTGGCAATAAAGTTTTTGGTGCCCTGAAGGGAGCTGTGGATGGAGGCTTGTCTATCCCTCACAGTACCAAACGATTCCCTGGTTATGATTCTGAAAGCAAGGAATTTAATGCAGAAGTACATCGGAAGCACATCATGGGCCAGAATG,chr1,93301902,93301932,RPL5,+,chr1_93301932_+,RPL5_chr1_93301932_+,NM_000969,,-421.0,cds,bulge
55,ENST00000403564,AGCTAAGGAAATTGAAGTTGGTGGTGGTCG,AGAAGCCGGACGAGTTCGAGTCCGGCATCTCCCAGGCTCTTCTGGAGCTGGAGATGAACTCGGACCTCAAGGCTCAGCTCAGGGAGCTGAATATTACGGCAGCTAAGGAAATTGAAGTTGGTGGTGGTCGGAAAGCTATCATAATCTTTGTTCCCGTTCCTCAACTGAAATCTTTCCAGAAAATCCAAGTCCGGCTAGTACGCGAATTGGAGAAAAAGTTCAGTGGGAAG,chr2,3623471,3624100,RPS7,+,chr2_3624100_+,RPS7_chr2_3624100_+,NM_001011,,-429.0,cds,Others
56,ENST00000406376,AGCTAAGGAAATTGAAGTTGGTGGTGGTCG,AGAAGCCGGACGAGTTCGAGTCCGGCATCTCCCAGGCTCTTCTGGAGCTGGAGATGAACTCGGACCTCAAGGCTCAGCTCAGGGAGCTGAATATTACGGCAGCTAAGGAAATTGAAGTTGGTGGTGGTCGGAAAGCTATCATAATCTTTGTTCCCGTTCCTCAACTGAAATCTTTCCAGAAAATCCAAGTCCGGCTAGTACGCGAATTGGAGAAAAAGTTCAGTGGGAAG,chr2,3623471,3624100,RPS7,+,chr2_3624100_+,RPS7_chr2_3624100_+,NM_001011,,-429.0,cds,Others
57,ENST00000462576,AGCTAAGGAAATTGAAGTTGGTGGTGGTCG,AGAAGCCGGACGAGTTCGAGTCCGGCATCTCCCAGGCTCTTCTGGAGCTGGAGATGAACTCGGACCTCAAGGCTCAGCTCAGGGAGCTGAATATTACGGCAGCTAAGGAAATTGAAGTTGGTGGTGGTCGGAAAGCTATCATAATCTTTGTTCCCGTTCCTCAACTGAAATCTTTCCAGAAAATCCAAGTCCGGCTAGTACGCGAATTGGAGAAAAAGTTCAGTGGGAAG,chr2,3623471,3624100,RPS7,+,chr2_3624100_+,RPS7_chr2_3624100_+,NM_001011,,-429.0,cds,Others
58,ENST00000462138,CCTAGGGCGGGTATGAAGTGTGGGGCGGGG,AACCGGGTACCAAGAAGTGGGAAGCCGGCTGAGCTGCTGAAGATGTTTGGTATCGACAGGGATGCCATTGCACAAGCTGTGAGGGGCCTCATCACCAAGGCCTAGGGCGGGTATGAAGTGTGGGGCGGGGGTCTATACATTCCTGAGATTCTGGGAAAGGTGCTCAAAGATGTACTGAGAGGAGGGGTAAATATATGTTTTGAGAAAAATGAATTGGCCCTGNNNTGTTT,chr3,53259747,53259777,TKT,-,chr3_53259747_-,TKT_chr3_53259747_-,NM_001064,-7.0,,"cds,utr3",long_loop
59,ENST00000462138,AGACCTTCAAGGGCCGAGGGATCACGGGGG,GCCTTCGGTTGGCATGCCATCATCGTGGATGGACACAGCGTGGAGGAGCTGTGCAAGGCCTTTGGCCAGGCCAAGCACCAGCCAACAGCCATCATTGCCAAGACCTTCAAGGGCCGAGGGATCACGGGGGTAGAAGATAAGGAGTCTTGGCATGGGAAGCCCCTCCCCAAAAACATGGCTGAGCAGATCATCCAGGAGATCTACAGCCAGATCCAGAGCAAAAAGAAGAT,chr3,53265563,53267199,TKT,-,chr3_53265563_-,TKT_chr3_53265563_-,NM_001064,-1153.0,,cds,2-quartet
60,ENST00000329251,GCAGAAGCCCCAGGCTGAGCGGAAGGAGGA,AACTGTGTGAGAAGATGGCCCAGTTTGATGCTAAAAAGTTTGCAGAGACCCAACCTAAAAAGGACACACCACGGAAAGAGAAGGGTTCACGGGAAGAGAAGCAGAAGCCCCAGGCTGAGCGGAAGGAGGAGAAAAAGGCGGCTGCCCCTGCTCCTGAGGAGGAGATGGATGAATGTGAGCAGGCGCTGGCTGCTGAGCCCAAGGCCAAGGACCCCTTCGCTCACCTGCCC,chr11,62334383,62334413,EEF1G,-,chr11_62334383_-,EEF1G_chr11_62334383_-,NM_001404,-601.0,-618.0,cds,2-quartet
61,ENST00000293831,TGAGGAGCAGCAGGAGGGGGGAGGGAAGGG,CTACAACACCTCCATTGAGGAAATGCCCCTCAATGTTGCTGACCTCATCTGAGGGGCTGTCCTGCCACCCAGCCCCAGCCAGGGCTCAATCTCTGGGGGCTGAGGAGCAGCAGGAGGGGGGAGGGAAGGGAGCCAAGGGATGGACATCTTGTCATTTTTTTTCTTTGAATAAATGTCACTTTTTGAGGCAAAAGAAGGAACCGTGAACATTTTAGACACCCTTTTCTTTG,chr17,7481852,7481882,EIF4A1,+,chr17_7481882_+,EIF4A1_chr17_7481882_+,NM_001416,-1.0,-420.0,utr3,bulge
62,ENST00000418115,AACTATGTGGCAGATATCGAGGTGGATGGA,ACTGGTGATTGTTGGTGATGGAGCCTGTGGAAAGACATGCTTGCTCATAGTCTTCAGCAAGGACCAGTTCCCAGAGGTGTATGTGCCCACAGTGTTTGAGAACTATGTGGCAGATATCGAGGTGGATGGAAAGCAGGTAGAGTTGGCTTTGTGGGACACAGCTGGGCAGGAAGATTATGATCGCCTGAGGCCCCTCTCCTACCCAGATACCGATGTTATACTGATGTGTT,chr3,49412873,49412903,RHOA,-,chr3_49412873_-,RHOA_chr3_49412873_-,NM_001664,-494.0,-1477.0,cds,Others
63,ENST00000284727,GCCGCCGCCTCCTGGGAAGAGAGGAAGCGG,ANACCCCGNCTTCTTCATCCGNNNGCTGCGGCGCGAATAAGAGCCGGACCGCGCTTGCGCATTGAGTCCCACTCCTTCGACCTCTGCCGCAGCCCGTGCCGCCGCCGCCTCCTGGGAAGAGAGGAAGCGGGAGAGGAGCCCACGTCGCCTGTCACCCAATATCTCCAGCCGCGCAGTCCCGAAGAGTGTAAGATGTTCGCCTGCGCCAAGCTCGCCTGCACCCCCTCTCT,chr2,176046373,176046403,ATP5G3,-,chr2_176046373_-,ATP5G3_chr2_176046373_-,NM_001689,-552.0,-616.0,utr5,Others
64,ENST00000550050,TGTGTGGAGAAGATTGGGGGCTGGCTGAGG,CCCTTCCATGTCGAAGAACCGAGTCCCCGACTCCTGCTGCATTAATGTTACTGTGGGCTGTGGGATTAATTTCAACGAGAAGGCGATCCATAAGGAGGGCTGTGTGGAGAAGATTGGGGGCTGGCTGAGGAAAAATGTGCTGGTGGTAGCTGCAGCAGCCCTTGGAATTGCTTTTGTCGAGGTTTTGGGAATTGTCTTTGCCTGCTGCCTCGTGAAGAGTATCAGAAGTG,chr12,56119648,56119678,CD63,-,chr12_56119648_-,CD63_chr12_56119648_-,NM_001780,-167.0,-179.0,cds,bulge
65,ENST00000550050,TCTGTCTCTTATCATGTTGGTGGAGGTGGC,GTCATCATCGCAGTGGGTGTCTTCCTCTTCCTGGTGGCTTTTGTGGGCTGCTGCGGGGCCTGCAAGGAGAACTATTGTCTTATGATCACGTTGCCATCTTTCTGTCTCTTATCATGTTGGTGGAGGTGGCCGCAGCCATTGCTGGCTATGTGTTTAGAGATAAGGTGATGTCAGAGTTTAATAACAACTTCCGGCAGCAGATGGAGAATTACCCGAAAAACAACCACACT,chr12,56120708,56120738,CD63,-,chr12_56120708_-,CD63_chr12_56120708_-,NM_001780,-471.0,-483.0,cds,2-quartet
66,ENST00000227266,CTGGGTGGGTGCATGATGTGTTGGGCCGGA,CAAGGCTTTGAGATTGTGTTGAATGACTACAAGTGGTTTGCCTTTTTTAAGTATAAAGAAGAGGGCAGCAAGGTGACCACTTACTGCAACGAGACAATGACTGGGTGGGTGCATGATGTGTTGGGCCGGAACTGGGCTTGTTTCACCGGAAAGAAGGTGGGAACTGCCTCTGAGAATGTGTATGTCAACATAGCACACCTTAAGAATTCTCAGGAAAAGTATTCTAATAG,chr11,88045644,88045674,CTSC,-,chr11_88045644_-,CTSC_chr11_88045644_-,NM_001814,,-1386.0,cds,Others
67,ENST00000348956,GTGGAGCTGGTGCAGATGGTGGTGGACGGA,GCGGCTGCGACTTCAGAAGCGAGGCACAGGCGGTGTGGACACGGCTGCGGTGGGCGGGGTCTTCGACGTCTCCAACGCTGACCGCCTGGGCTTCTCAGAGGTGGAGCTGGTGCAGATGGTGGTGGACGGAGTGAAGCTGCTCATCGAGATGGAGCAGCGGCTGGAGCAGGGCCAGGCCATCGACGACCTCATGCCTGCCCAGAAATGAAGCCCGGCCCACACCCGACACC,chr14,103986279,103986309,CKB,-,chr14_103986279_-,CKB_chr14_103986279_-,NM_001823,-185.0,-252.0,cds,2-quartet
68,ENST00000348956,GGCGGTGTGGACACGGCTGCGGTGGGCGGG,CGGGCTGCGGGCAGGTGTGCATATCAAGCTGCCCAACCTGGGCAAGCATGAGAAGTTCTCGGAGGTGCTTAAGCGGCTGCGACTTCAGAAGCGAGGCACAGGCGGTGTGGACACGGCTGCGGTGGGCGGGGTCTTCGACGTCTCCAACGCTGACCGCCTGGGCTTCTCAGAGGTGGAGCTGGTGCAGATGGTGGTGGACGGAGTGAAGCTGCTCATCGAGATGGAGCAGC,chr14,103986350,103986460,CKB,-,chr14_103986350_-,CKB_chr14_103986350_-,NM_001823,-257.0,-324.0,cds,2-quartet
69,ENST00000258424,ATGAAGAGCAGGCGACTGGGTTGGAGAGGG,CGCGGAGCTGGAACGCTGGCCGCGCAGGCCCTGAGGGCTCGCGGCCCCAGTGGCGCGGCCGCGATGCGCTCCATGGCATCTGGAGGTGGTGTTCCCACTGATGAAGAGCAGGCGACTGGGTTGGAGAGGGAGATCATGCTGGCTGCAAAGAAGGGACTGGACCCATACAATGTACTGGCCCCAAAGGGAGCTTCAGGCACCAGGGAAGACCCTAATTTAGTCCCCTCCAT,chr2,98263544,98263574,COX5B,+,chr2_98263574_+,COX5B_chr2_98263574_+,NM_001862,,-291.0,cds,2-quartet
70,ENST00000318911,GAAGCTAAGGAGCTGGCTGCGGAGGTGGAG,CCGGAGGGGTTTCCAGGTATATAAGCAGGTGTGCGCCTCCTGCCACAGCATGGACTTCGTGGCCTACCGCCACCTGGTGGGCGTGTGCTACACGGAGGATGAAGCTAAGGAGCTGGCTGCGGAGGTGGAGGTTCAAGACGGCCCCAATGAAGATGGGGAGATGTTCATGCGGCCAGGGAAGCTGTTCGACTATTTCCCAAAACCATACCCCAACAGTGAGGCTGCTCGAG,chr8,145151129,145151246,CYC1,+,chr8_145151246_+,CYC1_chr8_145151246_+,NM_001916,,-686.0,cds,2-quartet
72,ENST00000336458,CGGTTGGGCTCGCGGCGAGCGGACGGGGTC,TTGGTCAGTGGGGAGTCGGCGCCTGCGTACTAAGACCCGTGTGCAGCAGCGGCGGCGGCGGTAGAGGCGGCGGCGGCGGCGGCAGCGGGCTCGGAGGCAGCGGTTGGGCTCGCGGCGAGCGGACGGGGTCGAGTCAGTGCGTTCGCGCGAGTTGGAATCGAAGCCTCTTAAAATGGCAGATGACTTGGACTTCGAGACAGGAGATGCAGGGGCCTCAGCCACCTTCCCAA,chr17,7211020,7211050,EIF5A,+,chr17_7211050_+,EIF5A_chr17_7211050_+,NM_001970,-787.0,-1128.0,utr5,2-quartet
73,ENST00000341423,AGGAAGATGAAGAGGATGAGGAGGAGGAGG,GATATTGCTGCATATCGAGCTAAAGGAAAGCCTGATGCAGCAAAAAAGGGAGTTGTCAAGGCTGAAAAAAGCAAGAAAAAGAAGGAAGAGGAGGAAGATGAGGAAGATGAAGAGGATGAGGAGGAGGAGGAAGATGAAGAAGATGAAGATGAAGAAGAAGATGATGATGATGAATAAGTTGGTTCTAGCGCAGTTTTTTTTTTCTTGTCTATAAAGCATTTAACCCCCCT,chr13,31035541,31035571,HMGB1,-,chr13_31035541_-,HMGB1_chr13_31035541_-,NM_002128,-106.0,-487.0,cds,2-quartet
74,ENST00000546500,TGTCACATATGCCACTGTGGAGGAGGTGGA,CTGATGAGAGCCTGAGGAGCCATTTTGAGCAATGGGGAACGCTCACGGACTGTGTGGTAATGAGAGATCCAAACACCAAGCGCTCCAGGGGCTTTGGGTTTGTCACATATGCCACTGTGGAGGAGGTGGATGCAGCTATGAATGCAAGGCCACACAAGGTGGATGGAAGAGTTGTGGAACCAAAGAGAGCTGTCTCCAGAGAAGATTCTCAAAGACCAGGTGCCCACTTA,chr12,54675622,54675652,HNRNPA1,+,chr12_54675652_+,HNRNPA1_chr12_54675652_+,NM_002136,-773.0,-1075.0,cds,2-quartet
75,ENST00000546500,ATGAATGCAAGGCCACACAAGGTGGATGGA,AACGCTCACGGACTGTGTGGTAATGAGAGATCCAAACACCAAGCGCTCCAGGGGCTTTGGGTTTGTCACATATGCCACTGTGGAGGAGGTGGATGCAGCTATGAATGCAAGGCCACACAAGGTGGATGGAAGAGTTGTGGAACCAAAGAGAGCTGTCTCCAGAGAAGATTCTCAAAGACCAGGTGCCCACTTAACTGTGAAAAAGATATTTGTTGGTGGCATTAAAGAAG,chr12,54675659,54675689,HNRNPA1,+,chr12_54675689_+,HNRNPA1_chr12_54675689_+,NM_002136,-736.0,-1038.0,cds,2-quartet
77,ENST00000388968,GGGTGGAATGGGAGGTGGTATGGGAGGTGG,CTTTATTGGATGCTGCTGGTGTGGCCTCTCTGTTAACTACAGCAGAAGTTGTAGTCACAGAAATTCCTAAAGAAGAGAAGGACCCTGGAATGGGTGCAATGGGTGGAATGGGAGGTGGTATGGGAGGTGGCATGTTCTAACTCCTAGACTAGTGCTTTACCTTTATTAATGAACTGTGACAGGAAGCCCAAGGCAGTGTTCCTCACCAATAACTTCAGAGAAGTCAGTTG,chr2,198351780,198351810,HSPD1,-,chr2_198351780_-,HSPD1_chr2_198351780_-,NM_002156,-43.0,-450.0,cds,long_loop
78,ENST00000388968,GGAATGGGTGCAATGGGTGGAATGGGAGGT,GGTTGTGAGAACTGCTTTATTGGATGCTGCTGGTGTGGCCTCTCTGTTAACTACAGCAGAAGTTGTAGTCACAGAAATTCCTAAAGAAGAGAAGGACCCTGGAATGGGTGCAATGGGTGGAATGGGAGGTGGTATGGGAGGTGGCATGTTCTAACTCCTAGACTAGTGCTTTACCTTTATTAATGAACTGTGACAGGAAGCCCAAGGCAGTGTTCCTCACCAATAACTTC,chr2,198351794,198351824,HSPD1,-,chr2_198351794_-,HSPD1_chr2_198351794_-,NM_002156,-57.0,-464.0,cds,2-quartet
79,ENST00000233893,TGTTGGATCGGGTTCTAAAGGAAAGGGTGG,GAGTATTGGTTGAAAGGAGTGCTGCTGAAACTGTAACCAAAGGAGGCATTATGCTTCCAGAAAAATCTCAAGGAAAAGTATTGCAAGCAACAGTAGTCGCTGTTGGATCGGGTTCTAAAGGAAAGGGTGGAGAGATTCAACCAGTTAGCGTGAAAGTTGGAGATAAAGTTCTTCTCCCAGAATATGGAGGCACCAAAGTAGTTCTAGATGACAAGGATTATTTCCTATTT,chr2,198365937,198367768,HSPE1,+,chr2_198367768_+,HSPE1_chr2_198367768_+,NM_002157,-175.0,-236.0,cds,2-quartet
80,ENST00000350669,CAGCAGCTGCCATGGATGGATTTTGGGGGA,AACTAAGTGGATTACCCAAACACCGCGTGATTGGAAGTGGATGTAATCTGGATTCTGCTAGATTTCGCTACCTTATGGCTGAAAAACTTGGCATTCATCCCAGCAGCTGCCATGGATGGATTTTGGGGGAACATGGCGACTCAAGTGTGGCTGTGTGGAGTGGTGTGAATGTGGCAGGTGTTTCTCTCCAGGAATTGAATCCAGAAATGGGAACTGACAATGATAGTGAA,chr12,21794903,21794933,LDHB,-,chr12_21794903_-,LDHB_chr12_21794903_-,NM_002300,,-604.0,cds,2-quartet
81,ENST00000396076,CAGCAGCTGCCATGGATGGATTTTGGGGGA,AACTAAGTGGATTACCCAAACACCGCGTGATTGGAAGTGGATGTAATCTGGATTCTGCTAGATTTCGCTACCTTATGGCTGAAAAACTTGGCATTCATCCCAGCAGCTGCCATGGATGGATTTTGGGGGAACATGGCGACTCAAGTGTGGCTGTGTGGAGTGGTGTGAATGTGGCAGGTGTTTCTCTCCAGGAATTGAATCCAGAAATGGGAACTGACAATGATAGTGAA,chr12,21794903,21794933,LDHB,-,chr12_21794903_-,LDHB_chr12_21794903_-,NM_002300,,-604.0,cds,2-quartet
82,ENST00000335181,AAGGTGCCGACTTCCTGGTGACGGAGGTGG,AACATCCTGTGGCTGGACTACAAGAACATCTGCAAGGTGGTGGAAGTGGGCAGCAAGATCTACGTGGATGATGGGCTTATTTCTCTCCAGGTGAAGCAGAAAGGTGCCGACTTCCTGGTGACGGAGGTGGAAAATGGTGGCTCCTTGGGCAGCAAGAAGGGTGTGAACCTTCCTGGGGCTGCTGTGGACTTGCCTGCTGTGTCGGAGAAGGACATCCAGGATCTGAAGTT,chr15,72501205,72502017,PKM2,-,chr15_72501205_-,PKM2_chr15_72501205_-,NM_002654,-1524.0,-1604.0,cds,2-quartet
84,ENST00000394936,GCAAACGCCATGTGTGGAACTAGGAGGAGG,GCCCATAAGCCCTTGTTGGGAACTGAGAAGTGTATATGGGGCCCAAGCTACTGGTGCCAGAACACAGAGACAGCAGCCCAGTGCAATGCTGTCGAGCATTGCAAACGCCATGTGTGGAACTAGGAGGAGGAATATTCCATCTTGGCAGAAACCACAGCATTGGTTTTTTTCTACTTGTGTGTCTGGGGGAATGAACGCACAGATCTGTTTGACTTTGTTATAAAAATAGG,chr10,73577191,73577221,PSAP,-,chr10_73577191_-,PSAP_chr10_73577191_-,NM_002778,-695.0,-1116.0,"cds,utr3",2-quartet
85,ENST00000259457,GATAAGTTTAGGCCAGACATGGAGGAGGAG,TGGACCTCACCTCTACAGCATCTATCCTCATGGATCAACTGATAAGTTGCCTTATGTCACCATGGGTTCTGGCTCCTTGGCAGCAATGGCTGTATTTGAAGATAAGTTTAGGCCAGACATGGAGGAGGAGGAAGCCAAGAATCTGGTGAGCGAAGCCATCGCAGCTGGCATCTTCAACGACCTGGGCTCCGGAAGCAACATTGACCTCTGCGTCATCAGCAAGAACAAGC,chr9,127119188,127146901,PSMB7,-,chr9_127119188_-,PSMB7_chr9_127119188_-,NM_002799,,-360.0,cds,2-quartet
86,ENST00000333676,TCCCTGCTGCAGCAGCCCAGGAGGCGGTGG,ACTCTCTTGGAAATCTCAGACCTCAACGAGCTCCTGAAGAAAACGTTGAAGATCCAGGATGTCGGGCTTGTGCCGATGGGTGGTGTGATGTCTGGGGCTGTCCCTGCTGCAGCAGCCCAGGAGGCGGTGGAAGAAGATATCCCCATAGCGAAAGAACGGACACATTTCACCGTCCGCCTGACCGAGGCGAAGCCCGTGGACAAAGTGAAGCTGATCAAGGAAATCAAGAA,chr17,79671723,79673943,MRPL12,+,chr17_79673943_+,MRPL12_chr17_79673943_+,NM_002949,,-500.0,cds,2-quartet
89,ENST00000612212,GAAGCCAAGAGAGGCATCAGGATGGGTGGG,GTCCCGTGGTTTCATCATATCTCTTTGCATACCCCATGTCTTCCCCAGTTGTCCCCTGGAGTTTGGGGGGACATCCCGCCTCAGGCATCCTTCTCAAGGGGAAGCCAAGAGAGGCATCAGGATGGGTGGGTTTCTGATTGTGGCAACGTTTGCAACCGTTCACGATTCAATAAATATTGGATGAATTTAAC,chr19,48287848,48287878,SEPW1,+,chr19_48287878_+,SEPW1_chr19_48287878_+,NM_003009,247.0,-39.0,utr3,bulge
90,ENST00000373715,GTTGGTTGGTGTTGGGCCGGAGGAAAGCGG,TCGTGGACGCCGGGTGAGTGAGAGAGTTGGTTGGTGTTGGGCCGGAGGAAAGCGGGAAGACTCATCGGAGCGTGTGGATTTGAGCCGCCGCATTTTTTAACCCTAGATCTCGAAATGCATCGTGATTCCTGTCCATTGGACTGTAAGGTTTATGT,chr6,36562171,36562201,SRSF3,+,chr6_36562201_+,SRSF3_chr6_36562201_+,NM_003017,-578.0,-1976.0,utr5,2-quartet
91,ENST00000379060,GCGGACGGGTTGTGCCTGGAGGTGGAGGGG,CGTCGTCGTCTCCCTTCAGTCGCCATCATGATTATCTACCGGGACCTCATCAGCCGTGAACGATGAGATGTTCTCCGACATCTACAAGATCCGGGAGATCGCGGACGGGTTGTGCCTGGAGGTGGAGGGGAAGATGGTCAGTAGGACAGAAGGTAACATTGATGACTCGCTCATTGGTGGAAATGCCTCCGCTGAAGGCCCCGAGGGCGAAGGTACCGAAAGCACAGTAA,chr13,45914850,45914880,TPT1,-,chr13_45914850_-,TPT1_chr13_45914850_-,NM_003295,-510.0,-620.0,cds,bulge
92,ENST00000530705,GCGGACGGGTTGTGCCTGGAGGTGGAGGGG,GCGCCGTCGTCGTCTCCCTTCAGTCGCCATCATGATTATCTACCGGGACCTCATCAGCCACGATGAGATGTTCTCCGACATCTACAAGATCCGGGAGATCGCGGACGGGTTGTGCCTGGAGGTGGAGGGGAAGATGGTCAGTAGGACAGAAGGTAACATTGATGACTCGCTCATTGGTGGAAATGCCTCCGCTGAAGGCCCCGAGGGCGAAGGTACCGAAAGCACAGTAA,chr13,45914850,45914880,TPT1,-,chr13_45914850_-,TPT1_chr13_45914850_-,NM_003295,-510.0,-620.0,cds,bulge
93,ENST00000313511,CCAGGACTCTGAGATGGTGGAACTGGTGGA,CCAATGACGGCCCCATGCCCCAGACCCGAGAGCACTTATTACTGGCCAGACAGATTGGGGTGGAGCATGTGGTGGTGTATGTGAACAAGGCTGACGCTGTCCAGGACTCTGAGATGGTGGAACTGGTGGAACTGGAGATCCGGGAGCTGCTCACCGAGTTTGGCTATAAAGGGGAGGAGACCCCAGTCATCGTAGGCTCTGCTCTCTGTGCCCTTGAGGGTCGGGACCCT,chr16,28856107,28856137,TUFM,-,chr16_28856107_-,TUFM_chr16_28856107_-,NM_003321,-972.0,-938.0,cds,2-quartet
94,ENST00000203407,GCCTGGCAGTGCCCTGGAGAAGGAGGTGGA,TGGGAGTGTGGATTGATGTTGGCAGCCGTTTTGAGACTGAGAAGAATAATGGGGCAGGCTACTTTTTGGAGCATCTGGCTTTCAAGGGAACAAAGAATCGGCCTGGCAGTGCCCTGGAGAAGGAGGTGGAGAGCATGGGGGCCCATCTTAATGCCTACAGCACCCGGGAGCACACAGCTTACTACATCAAGGCGCTGTCCAAGGATCTGCCGAAAGCTGTGGAGCTCCTG,chr3,48642170,48642200,UQCRC1,-,chr3_48642170_-,UQCRC1_chr3_48642170_-,NM_003365,,-1208.0,cds,2-quartet
95,ENST00000342669,AGAGGAGCTGCAGAAGCGAGAGGAGGAGGA,TCTCTCCTCAGGCAGCAGCAACGCGGAGGAAACGGGAGTGAACGGAGAGCGTAGTGACCATCATGAGCCTCCTCAACAAGCCCAAGAGTGAGATGACCCCAGAGGAGCTGCAGAAGCGAGAGGAGGAGGAATTTAACACCGGTCCACTCTCTGTGCTCACACAGTCAGTCAAGAACAATACCCAAGTGCTCATCAACTGCCGCAACAATAAGAAACTCCTGGGCCGCGTG,chr19,46191759,46191789,SNRPD2,-,chr19_46191759_-,SNRPD2_chr19_46191759_-,NM_004597,,-359.0,cds,G_40
96,ENST00000219479,TTTGAGAGGCGGGGCTTCACGCTGGTGGGG,CCACGGCTCGGGAGGGCCCTCCTGGACCCGGGAGCGGACCCTGGTGGCGGTGAAGCCCGATGGCGTGCAACGGCGGCTCGTTGGGGACGTGATCCAGCGCTTTGAGAGGCGGGGCTTCACGCTGGTGGGGATGAAGATGCTGCAGGCACCAGAGAGCGTCCTTGCCGAGCACTACCAGGACCTGCGGAGGAAGCCCTTCTACCCTGCCCTCATCCGCTACATGAGCTCTG,chr16,449078,449108,NME4,+,chr16_449108_+,NME4_chr16_449108_+,NM_005009,-396.0,-638.0,cds,2-quartet
97,ENST00000254810,TGTATTATAAAAACTTGGTGTGGGGGAGGA,GTGCAGCTTTTCATTGTGTTGTGTGGTTGGTCTCATAACTAGGTTGAGTTTTTCTCCTCTGCTGAGGAAACAGTACCGAAGTTCTTTTTCTTGTGGCATTTGTATTATAAAAACTTGGTGTGGGGGAGGAGCACAAAACTCCAGCCCACTGAACCTCTGCCAATTAAGATGGTGTTGGGTTAGGTTACATCTGGTTACTGTCCTGGGAAAATCATTTTTATAGAGATGGC,chr17,73773724,73773754,H3F3B,-,chr17_73773724_-,H3F3B_chr17_73773724_-,NM_005324,0.0,-166.0,utr3,2-quartet
98,ENST00000272227,TGAGACCGCGTTGGGGATTGGAGGGTTTGG,GCAGAAATTCTTATCTGGAAGTTCTTCTGAAGTTGGCAGACAAATACAAAAAGAAAATGTGGGGGTGGCTGTGGACAGAAGCTGGAGCCCAGTCTGAACTTGAGACCGCGTTGGGGATTGGAGGGTTTGGGTACCCCGCCATGGCCGCCATCAATGCACGCAAGATGAAATTTGCTCTGCTAAAAGGCTCCTTCAGTGAGCAAGGCATCAACGAGTTTCTCAGGGAGCTC,chr2,10927500,10927530,PDIA6,-,chr2_10927500_-,PDIA6_chr2_10927500_-,NM_005742,-295.0,-1106.0,cds,2-quartet
99,ENST00000301071,CCTTGAGAAGGATTATGAGGAGGTTGGTGT,AGTTTGACCTGATGTATGCCAAACGTGCCTTTGTTCACTGGTACGTTGGGGAGGGGATGGAGGAAGGTGAGTTTTCAGAGGCCCGTGAGGACATGGCTGCCCTTGAGAAGGATTATGAGGAGGTTGGTGTGGATTCTGTTGAAGGAGAGGGTGAGGAAGAAGGAGAGGAATACTAAAGTTAAAACGTCACAAAGGTGCTGCTTTTACAGGGAAGCTTATTCTGTTTTAAA,chr12,49578839,49578869,TUBA1A,-,chr12_49578839_-,TUBA1A_chr12_49578839_-,NM_006009,-66.0,-235.0,cds,2-quartet
100,ENST00000336023,TCACTGGTACGTGGGTGAGGGGATGGAGGA,AGAGAGCTGTGTGCATGCTGAGCAACACCACAGCCATTGCTGAGGCCTGGGCTCGCCTGGACCACAAGTTTGACCTGATGTATGCCAAGCGTGCCTTTGTTCACTGGTACGTGGGTGAGGGGATGGAGGAAGGCGAGTTTTCAGAGGCCCGTGAAGATATGGCTGCCCTTGAGAAGGATTATGAGGAGGTTGGTGTGGATTCTGTTGAAGGAGAGGGTGAGGAAGAAGGA,chr12,49521853,49521883,TUBA1B,-,chr12_49521853_-,TUBA1B_chr12_49521853_-,NM_006082,,-267.0,cds,2-quartet
101,ENST00000543796,GTTCAAACTTGTATTGGTTGGTGATGGTGG,GAATTGCGCTTCCGCCATCTTTCCAGCCTCAGTCGGACGGGCGCGGAGACGCTTCTGGAAGGAACGCCGCGATGGCTGCGCAGGGAGAGCCCCAGGTCCAGTTCAAACTTGTATTGGTTGGTGATGGTGGTACTGGAAAAACGACCTTCGTGAAACGTCATTTGACTGGTGAATTTGAGAAGAAGTATGTAGCCACCTTGGGTGTTGAGGTTCATCCCCTAGTGTTCCAC,chr12,131357167,131357404,RAN,+,chr12_131357404_+,RAN_chr12_131357404_+,NM_006325,-646.0,-922.0,cds,2-quartet
102,ENST00000258091,AAGAATGATTCAGTGGTGGCTGGTGGCGGG,CAAGACATGCACCTTCATTCTCCGTGGCGGCGCCGAGCAGTTTATGGAGGAGACAGAGCGGTCCCTGCATGATGCCATCATGATCGTCAGGAGGGCCATCAAGAATGATTCAGTGGTGGCTGGTGGCGGGGCCATTGAGATGGAACTCTCCAAGTACCTGCGGGATTACTCAAGGACTATTCCAGGAAAACAGCAGCTGTTGATTGGGGCATATGCCAAGGCCTTGGAGA,chr2,73477563,73478381,CCT7,+,chr2_73478381_+,CCT7_chr2_73478381_+,NM_006429,,-528.0,cds,2-quartet
103,ENST00000394440,TTGATGACTGTGAGTTGGTGGAAGGGCTGG,CCAATGAGTGTAAATGCAGTGATGAAAGTGATTGACCCAGCCACAGCCACCAGTGTAGATCTTAGAGATATTAAAATAGTTAAGAAGCTTGGTGGGACAATTGATGACTGTGAGTTGGTGGAAGGGCTGGTTCTCACCCAAAAAGTGTCAAATTCTGGCATAACCAGAGTTGAAAAGGCCAAGATTGGGCTTATTCAGTTTTGCTTATCTGCTCCCAAAACAGACATGGA,chr2,62104150,62104180,CCT4,-,chr2_62104150_-,CCT4_chr2_62104150_-,NM_006430,-1051.0,-1172.0,cds,2-quartet
104,ENST00000337130,AAAGGCCCTAAAAGTCTGATTGGTGTGAGG,AAAGATAAAGGCCAGGGGCTTGCCTGATAATATATCTTCCGTGTTGAACAAACTAGTGGTGGTGAAACTCAATGGTGGTTTGGGAACCAGCATGGGCTGCAAAGGCCCTAAAAGTCTGATTGGTGTGAGGAATGAGAATACCTTTCTGGATCTGACTGTTCAGCAAATTGAACATTTGAATAAAACCTACAATACAGATGTTCCTCTTGTTTTAATGAACTCTTTTAACA,chr2,64109713,64109743,UGP2,+,chr2_64109743_+,UGP2_chr2_64109743_+,NM_006759,-1297.0,-1444.0,cds,Others
105,ENST00000420826,TGATTGACATCAAGTGGAGACGGGATGGGG,CCCCCTTCCCCATTCCTTTATTGTACATAAAGTAACTGGTATATGTGCACAAGCATATTGCATTTTTTTTTTTTTTAACTAAACAGCCAATGGTATGTTTTGATTGACATCAAGTGGAGACGGGATGGGGAAAAATACTGATTCTGTGAAAATACCCCCTTTCTCCATTAGTGGCATGCTCATTCAGCTCTTATCTTTATATTCCAGTAAGTTATTTTGCTCTCACTGTT,chr17,73164173,73164203,SUMO2,-,chr17_73164173_-,SUMO2_chr17_73164173_-,NM_006937,-14.0,-326.0,utr3,Others
107,ENST00000593829,AGGTGTGTTTGGTGGCCGGGGCCGAGGTGG,TCGACATGGTCAAGGAGGAGGTGGTGGCCAAGGGCCGCGGCCGCGGAGGCCTGCAGCAGCAGAAGCAGCAGAAAGGCCGCGGCATGGGCGGCGCTGGCCGAGGTGTGTTTGGTGGCCGGGGCCGAGGTGGGATCCCGGGCACAGGCAGAGGCCAGCCAGAGAAGAAGCCTGGCAGACAGGCGGGCAAACAGTGAGCGCCCACCCAGACCGGCTGCTGCGCCCCCTCCTGC,chr19,18418337,18420490,LSM4,-,chr19_18418337_-,LSM4_chr19_18418337_-,NM_012321,,-591.0,cds,bulge
108,ENST00000356493,CGTGCCGCAGCAGGAGGCCTGGGTGGTGGA,GGGGCACTGGGGCCCTTTTGCTGAGGGGCTCTCTACTGGCTTCTGGCCGCGCTCCGCGCCGCGCCTCCTCTGGATTGCCCCGAAACACCGTGGTACTGTTCGTGCCGCAGCAGGAGGCCTGGGTGGTGGAGCGAATGGGCCGATTCCACCGGATCCTGGAGCCTGGTTTGAACATCCTCATCCCTGTGTTAGACCGGATCCGATATGTGCAGAGTCTCAAGGAAATTGTC,chr9,35102717,35102747,STOML2,-,chr9_35102717_-,STOML2_chr9_35102717_-,NM_013442,,-1039.0,cds,2-quartet
109,ENST00000264552,TATGGCTGGGGTCGGGGAGGGTACAGGGGG,CGGGCGCTGCGGCGGCTGTAGTGGGCTCTCTTCCTCCTTCCACCGTGACCCCAACCTCTCCTGTCCCCTCCCTCCAACTCTGTCTCTAAGTTATTTAAATTATGGCTGGGGTCGGGGAGGGTACAGGGGGCACTGGGACCTGGATTTGTTTTTCTAAATAAAGTTGGAAAAGCAGCTTCTGTGTCTCACANNTGCCCCAGGACCGCTGCATGGTNCCATGTGNNTCTNNN,chr19,55912695,55912725,UBE2S,-,chr19_55912695_-,UBE2S_chr19_55912695_-,NM_014501,,-27.0,utr3,PQs_7
110,ENST00000264552,GACCGAAGAACGCAGGAAGGGGGCCGGGGG,GTGCGCGGCGGACGTCGGAGGCAGCGGGGAGCGGAGCGGGGCCGCCGGGGCCTCTCCAGGGCCGCAGCGGCAGCAGTTGGGCCCCCCGCCCCGGCCGGCGGACCGAAGAACGCAGGAAGGGGGCCGGGGGGACCCGCCCCCGGCCGGCCGCAGCCATGAACTCCAACGTGGAGAACCTACCCCCGCACATCATCCGCCTGGTGTACAAGGAGGTGACGACACTGACCGCA,chr19,55918983,55919013,UBE2S,-,chr19_55918983_-,UBE2S_chr19_55918983_-,NM_014501,,-830.0,utr5,2-quartet
111,ENST00000246802,CCAGGCCAGGGCGAGGGGCCGGAGGCTGGG,GCAGCTGGCCCTGCCCGCCACGGAGCAGGCCGCCACCCAGGAGTCCACATTCCAGGAGCTGTGCGAGGGGCTGCTGGAGGAGTCGGATGGTGAGGGGGAGCCAGGCCAGGGCGAGGGGCCGGAGGCTGGGGATGCCGAGGTCTGTCCCACGCCCGCCCGCCTGGCCACCACAGAGAAGAAGACGGAGCAGCAGCGGCGGCGGGAGAAGGCTGTGCACAGGCTGCGGGTAC,chr19,48258025,48258055,GLTSCR2,+,chr19_48258055_+,GLTSCR2_chr19_48258055_+,NM_015710,,-508.0,cds,long_loop
112,ENST00000507754,GATGCTTCGGGAGAACCTGGAGGAGGAGGC,AGTGGAACCGTGAGCGCAGGCGCCTACAAATCGAGGACTTCGAGGCTCGCATCGCGCTGTTGCCACTGTTACAGGCAGAAACCGACCGGAGGACCTTGCAGATGCTTCGGGAGAACCTGGAGGAGGAGGCCATCATCATGAAGGACGTGCCCGACTGGAAGGTGGGGGAGTCTGTGTTCCACACAACCCGCTGGGTGCCCCCCTTGATCGGGGAGCTGTACGGGCTGCGC,chr19,19638518,19638548,NDUFA13,+,chr19_19638548_+,NDUFA13_chr19_19638548_+,NM_015965,,-202.0,cds,2-quartet
113,ENST00000335514,CTCCATCCGGGAAGCCGGTGGGGCCTTCGG,CGTTGGCGGCGCGGACGTGGCTTGGCGTGTGGGGCGTGAGGACCATGCAAGCCCGAGGCTTCGGCTCGGATCAGTCCGAGAATGTCGACCGGGGCGCGGGCTCCATCCGGGAAGCCGGTGGGGCCTTCGGAAAGAGAGAGCAGGCTGAAGAGGAACGATATTTCCGAGCACAGAGTAGAGAACAACTGGCAGCTTTGAAAAAACACCATGAAGAAGAAATCGTTCATCAT,chr1,28562897,28562927,ATPIF1,+,chr1_28562927_+,ATPIF1_chr1_28562927_+,NM_016311,,-281.0,cds,long_loop
114,ENST00000229238,GGGCCCATATGGCTTCGAGGTTGGAAAGGG,AGTGGTTGATCGTTGGAACGAGAAAAGGGCCATGTTCGGAGTGTATGACAACATCGGGATCCTGGGAAACTTTGAAAAGCACCCCAAAGAACTGATCAGGGGGCCCATATGGCTTCGAGGTTGGAAAGGGAATGAATTGCAACGTTGTATCCGAAAGAGGAAAATGGTTGGAAGTAGAATGTTCGCTGATGACCTGCACAACCTTAATAAACGCATCCGCTATCTCTACA,chr12,6601569,6601599,MRPL51,-,chr12_6601569_-,MRPL51_chr12_6601569_-,NM_016497,-203.0,-231.0,cds,2-quartet
115,ENST00000302182,TTTGTGTCCCTGTGGGTGGACGTGGTTGGT,TCTACGTGAGGGGTGATAAGTGACGCAACACTCGTTGCATAAATTTGCGCTCCGCCAGCCCGGAGCATTTAGGGGCGGTTGGCTTTGTTGGGTGAGCTTGTTTGTGTCCCTGTGGGTGGACGTGGTTGGTGATTGGCAGGATCCTGGTATCCGCTAACAGGTCAAAATGCAGATCTTCGTGAAAACCCTTACCGGCAAGACCATCACCCTTGAGGTGGAGCCCAGTGACA,chr17,16284438,16284468,UBB,+,chr17_16284468_+,UBB_chr17_16284468_+,NM_018955,-760.0,-847.0,utr5,2-quartet
118,ENST00000451311,AAGAAGTGGGGTGGAAGAAGTGGGGTGGGA,CACATCAAAGAACTACTGACAACGAAGGCCGCGCCTGCCTTTCCCATCTGTCTATCTATCTGGCTGGCAGGGAAGGAAAGAACTTGCATGTTGGTGAAGGAAGAAGTGGGGTGGAAGAAGTGGGGTGGGACGACAGTGAAATCTAGAGTAAAACCAAGCTGGCCCAAGGTGTCCTGCAGGCTGTAATGCAGTTTAATCAGAGTGCCATTTTTTTTTTTGTTCAAATGATT,chrX,12995160,12995190,TMSB4X,+,chrX_12995190_+,TMSB4X_chrX_12995190_+,NM_021109,-55.0,,utr3,bulge
119,ENST00000397375,GGGTCTGCATCTTAGGGGGGAGGGCTGGGG,GTGAGGCAGTGGGGACCTTATTGATGAAAGAAACCGTCTTTGCGTTACACCCGAGTCTGCCTCTCGGAGCAGGGAGCTCACCTTCCGCGACGTGTTCTGAGGGTCTGCATCTTAGGGGGGAGGGCTGGGGCAAATCGCCACCTGTGCCTTTCCTCTGGCCCTGCTGCCCCCACACCCAACTCCGAGGGCCCACGCTGGGGAAAGCGGGAAGCGCTCGCTCCCTTTCCCCC,chr16,1822060,1822090,MRPS34,-,chr16_1822060_-,MRPS34_chr16_1822060_-,NM_023936,,-146.0,utr3,long_loop
120,ENST00000301072,TCACTGGTACGTGGGTGAGGGGATGGAGGA,AGAGAGCTGTGTGCATGCTGAGCAATACCACAGCTGTTGCCGAGGCCTGGGCTCGCCTGGACCACAAGTTTGACCTGATGTATGCCAAGCGTGCCTTTGTTCACTGGTACGTGGGTGAGGGGATGGAGGAAGGCGAGTTTTCAGAGGCCCGTGAGGACATGGCTGCCCTTGAGAAGGATTATGAGGAGGTTGGAGCAGATAGTGCTGACGGAGAGGATGAGGGTGAAGAG,chr12,49666874,49666904,TUBA1C,+,chr12_49666904_+,TUBA1C_chr12_49666904_+,NM_032704,,-188.0,cds,2-quartet
121,ENST00000358227,GATGGGGGCGGGCGGGTACGTGTACTGGGT,AACCTGCGCCCCCAGCTACACCCGGAGCGCCGACCTCCCCAGCAGAACACCGCCTGTTGAAGACCTGCTGGAGCTGTCGCGTGCTTTCTGGGTTGGGGCTGATGGGGGCGGGCGGGTACGTGTACTGGGTGGCACGGAAGCCCATGAAGATGGGATACCCCCCGAGTCCATGGACCATTACGCAGATGGTCATCGGCCTCAGCATTGCCACCTGGGGTATCGTTGTCATG,chr9,7799532,7799562,C9orf123,-,chr9_7799532_-,C9orf123_chr9_7799532_-,NM_033428,,-2185.0,cds,PQs_7
123,ENST00000311086,GCGGGGGAACTGGCGCGGTGGGCGGCGGCG,TCACCACCTCTACACGTTCTAGGCCTTCTGTCCTGGAGAAGAAGCTATAGTCGTTCTCCCTTGTGGGCCCGGGGCGCAGCCATGGCGGACGGCGGCGGCGGCGGGGGAACTGGCGCGGTGGGCGGCGGCGGAACTAGCCAGGCCTCTGCCGGGGCAGCGACTGGCGCTACTGGGGCCAGCGGGGGCGGTGGCCCCATCAACCCGGCCTCGCTGCCTCCCGGCGACCCGCA,chr5,173043391,173043421,BOD1,-,chr5_173043391_-,BOD1_chr5_173043391_-,NM_138369,-751.0,-1239.0,cds,2-quartet
124,ENST00000311487,CGCATCCCAGCCATCACTCTTCCACCTGCT,TACCAGCGGCGGCCGCGGCGGAGCCAGGCCGGTCCTCAGCGCCCAGCACCGCCGCTCCCGGCAACCCGGAGCGCGCACCGCAGGCCGGCGGCCGAGCTCGCGCATCCCAGCCATCACTCTTCCACCTGCTCCTTAGAGAAGGGAAGATGAGTGAGTCGAGCTCGAAGTCCAGCCAGCCCTTGGCCTCCAAGCAGGAAAAGGACGGCACTGAGAAGCGGGGCCGGGGCAGG,chr6,34205092,34206596,HMGA1,+,chr6_34206596_+,HMGA1_chr6_34206596_+,NM_145899,-494.0,,utr5,Others
125,ENST00000622257,GCTGGCGAACGGCGGGGAGGGAATGGAGGA,CCCGCTGCATTCTCGGCCGGGCTCTAGGCGCCATGGCTCCCCGCGGGAGGAAGCGTAAGGCTGAGGCCGCGGTGGTCGCCGTAGCCGAGAAGCGAGAGAAGCTGGCGAACGGCGGGGAGGGAATGGAGGAGGCGACCGTTGTTATCGAGCATTGCACTAGCCGCGTCTATGGGCGCAACGCCGCGGCCCTGAGCCAGGCGCTGCGCCTGGAGGCCCCAGAGCTTCCAGTA,chr11,57509135,57509165,C11orf31,+,chr11_57509165_+,C11orf31_chr11_57509165_+,NM_170746,-425.0,-469.0,cds,2-quartet
126,ENST00000622257,TGGCGAACGGCGGGGAGGGAATGGAGGAGG,CGCTGCATTCTCGGCCGGGCTCTAGGCGCCATGGCTCCCCGCGGGAGGAAGCGTAAGGCTGAGGCCGCGGTGGTCGCCGTAGCCGAGAAGCGAGAGAAGCTGGCGAACGGCGGGGAGGGAATGGAGGAGGCGACCGTTGTTATCGAGCATTGCACTAGCCGCGTCTATGGGCGCAACGCCGCGGCCCTGAGCCAGGCGCTGCGCCTGGAGGCCCCAGAGCTTCCAGTAAA,chr11,57509137,57509167,C11orf31,+,chr11_57509167_+,C11orf31_chr11_57509167_+,NM_170746,-423.0,-467.0,cds,2-quartet
127,ENST00000391851,GACCATCATCAAGGGGAAGGTGGAGGAGGT,CTGCCAAGGCCGGGGCCCGCAAGGTCATCGGGATCGAGTGTTCCAGTATCTCTGATTATGCGGTGAAGATCGTCAAAGCCAACAAGTTAGACCACGTGGTGACCATCATCAAGGGGAAGGTGGAGGAGGTGGAGCTCCCAGTGGAGAAGGTGGACATCATCATCAGCGAGTGGATGGGCTACTGCCTCTTCTACGAGTCCATGCTCAACACCGTGCTCTATGCCCGGGAC,chr19,50187187,50187217,PRMT1,+,chr19_50187217_+,PRMT1_chr19_50187217_+,NM_198318,-797.0,-855.0,cds,2-quartet
128,ENST00000391851,AGGAGGTGGAGCTCCCAGTGGAGAAGGTGG,GTCATCGGGATCGAGTGTTCCAGTATCTCTGATTATGCGGTGAAGATCGTCAAAGCCAACAAGTTAGACCACGTGGTGACCATCATCAAGGGGAAGGTGGAGGAGGTGGAGCTCCCAGTGGAGAAGGTGGACATCATCATCAGCGAGTGGATGGGCTACTGCCTCTTCTACGAGTCCATGCTCAACACCGTGCTCTATGCCCGGGACAAGTGGCTGGCGCCCGATGGCCT,chr19,50187210,50187240,PRMT1,+,chr19_50187240_+,PRMT1_chr19_50187240_+,NM_198318,-774.0,-832.0,cds,bulge
130,ENST00000361298,GCAGATCAATGATGGGATGGGTGGAGATGG,ACCGCCCTTTGGGAGGAGGTGAAGGCCACCAGCCTGCAGGAAATCGACGGGGACAGGCTCGCCGACTTGCCCCTAATTTTCGATGGGCCATACCCAATAGGCAGATCAATGATGGGATGGGTGGAGATGGAGATGATATGGAAATATTCATGGAGGAGATGAGAGAAATCAGAAGAAAACTTAGGGAGCTGCAGTTGAGGAATTGTCTGCGTATCCTTATGGGGGAGCTC,chrX,102632580,102632610,NGFRAP1,+,chrX_102632610_+,NGFRAP1_chrX_102632610_+,NM_206917,-161.0,-370.0,cds,2-quartet
148,ENST00000333628,AGTTCGAGGAGGAGGAGGGCGAGGACGAGG,GGCATGGACGAGATGGAGTTCACCGAGGCCGAGAGCAACATGAACGACCTGGTGTCCGAGTACCAGCAGTACCAGGACGCCACGGCCGACGAACAAGGGGAGTTCGAGGAGGAGGAGGGCGAGGACGAGGCTTAAAAACTTCTCAGATCAATCGTGCATCCTTAGTGAACTTCTGTTGTCCTCAAGCATGGTCTTTCTACTTGTAAACTATGGTGCTCAGTTTTGCCTCT,chr6,3154102,3154132,TUBB2A,-,chr6_3154102_-,TUBB2A_chr6_3154102_-,NM_001069,-48.0,-180.0,cds,bulge
149,ENST00000333628,GGAGTTCGAGGAGGAGGAGGGCGAGGACGA,AGGGCATGGACGAGATGGAGTTCACCGAGGCCGAGAGCAACATGAACGACCTGGTGTCCGAGTACCAGCAGTACCAGGACGCCACGGCCGACGAACAAGGGGAGTTCGAGGAGGAGGAGGGCGAGGACGAGGCTTAAAAACTTCTCAGATCAATCGTGCATCCTTAGTGAACTTCTGTTGTCCTCAAGCATGGTCTTTCTACTTGTAAACTATGGTGCTCAGTTTTGCCT,chr6,3154104,3154134,TUBB2A,-,chr6_3154104_-,TUBB2A_chr6_3154104_-,NM_001069,-50.0,-182.0,cds,bulge
150,ENST00000333628,CGAACAAGGGGAGTTCGAGGAGGAGGAGGG,ACACGGGCGAGGGCATGGACGAGATGGAGTTCACCGAGGCCGAGAGCAACATGAACGACCTGGTGTCCGAGTACCAGCAGTACCAGGACGCCACGGCCGACGAACAAGGGGAGTTCGAGGAGGAGGAGGGCGAGGACGAGGCTTAAAAACTTCTCAGATCAATCGTGCATCCTTAGTGAACTTCTGTTGTCCTCAAGCATGGTCTTTCTACTTGTAAACTATGGTGCTCA,chr6,3154113,3154143,TUBB2A,-,chr6_3154113_-,TUBB2A_chr6_3154113_-,NM_001069,-59.0,-191.0,cds,bulge
151,ENST00000372692,AAAGGGTGGGTTTGAGATGTTTGGGTGGGT,GAATATGGACAGTTAGCATTTACCAACATGTATCTGTCTACTTTCTCTTGTTTAAAAAAAGAAAAAAAAACTTAAAAAAATGGGGTTATAGAAGGTCAGCAAAGGGTGGGTTTGAGATGTTTGGGTGGGTTAAGTGGGCATTTTGACAACATGGCTTCTCCTTTGGCATGTTTAATTGTGATATTTGACAGACATCCTTGCAGTTTAAGATGACACTTTTAAAATAAATT,chr9,131457468,131457498,SET,+,chr9_131457498_+,SET_chr9_131457498_+,NM_001248001,0.0,-291.0,utr3,long_loop
153,ENST00000525340,GCAGAAGCCCCAGGCTGAGCGGAAGGAGGA,AACTGTGTGAGAAGATGGCCCAGTTTGATGCTAAAAAGTTTGCAGAGACCCAACCTAAAAAGGACACACCACGGAAAGAGAAGGGTTCACGGGAAGAGAAGCAGAAGCCCCAGGCTGAGCGGAAGGAGGAGAAAAAGGCGGCTGCCCCTGCTCCTGAGGAGGAGATGGATGAATGTGAGCAGGCGCTGGCTGCTGAGCCCAAGGCCAAGGACCCCTTCGCTCACCTGCCC,chr11,62334383,62334413,EEF1G,-,chr11_62334383_-,EEF1G_chr11_62334383_-,NM_001404,-601.0,-618.0,cds,2-quartet
155,ENST00000262056,GGAACCTGGTTGGGCAGTAGGGGAGGGAGG,GAAAAGTTGTGGTGCGTTATGTCACCATGCAGTTGCCAGTGTGATTAGTGCCTAGGGGTCTCCATTTAGCAGAAATGGTAATGACAGTGATATAATGCCTGGAACCTGGTTGGGCAGTAGGGGAGGGAGGTAGAAGGAAAAGTGTGAGATTTCTACCTTTTAGTTTTTATCCTATTGTGGCATATATGAATTCTCAAACATTATCTGAATAAATTTTCCACTCTTGGAAA,chr12,53434345,53434375,EIF4B,+,chr12_53434375_+,EIF4B_chr12_53434375_+,NM_001417,107.0,-1595.0,utr3,2-quartet
156,ENST00000221801,TGGTGGCAACCGGGGTCGTGGTCGGGGAGG,GCCGAGGTCGAGGCGGAGGCTTTAGAGGTCGTGGACGAGGAGGAGGTGGAGGCGGCGGCGGCGGTGGAGGAGGAGGAAGAGGTGGTGGAGGCTTCCATTCTGGTGGCAACCGGGGTCGTGGTCGGGGAGGAAAAAGAGGAAACCAGTCGGGGAAGAATGTGATGGTGGAGCCGCATCGGCATGAGGGTGTCTTCATTTGTCGAGGAAAGGAAGATGCACTGGTCACCAAG,chr19,40331110,40331140,FBL,-,chr19_40331110_-,FBL_chr19_40331110_-,NM_001436,,-801.0,cds,bulge
178,ENST00000270776,AACCCTGCTGTGACTGGGTGGGAGATGAGG,GCCCGGTATGGCCCATCGCTCATGCCAGGAGGGAACAAAGAAGCGTGGCCCCACATCAAGACCATCTTCCAAGGCATTGCTGCAAAAGTGGGAACTGGAGAACCCTGCTGTGACTGGGTGGGAGATGAGGGAGCAGGCCACTTCGTGAAGATGGTGCACAACGGGATAGAGTATGGGGACATGCAGCTGATCTGTGAGGCATACCACCTGATGAAAGACGTGCTGGGCAT,chr1,10468180,10471488,PGD,+,chr1_10471488_+,PGD_chr1_10471488_+,NM_002631,-961.0,-1294.0,cds,G_40
181,ENST00000394936,GGGTGTGGATTGGATGCTGGGGTGTGGGGG,GTCTCATAGATGCTCCTTTTGACCTTTTCAAATAAATATGGATGGCGAGCTCCTAGGCCTCTGGCTTCCTGGTAGAGGGCGGCATGCCGAAGGGTCTGCTGGGTGTGGATTGGATGCTGGGGTGTGGGGGTTGGAAGCTGTCTGTGGCCCACTTGGGCACCCACGCTTCTGTCCACTTCTGGTTGCCAGGAGACAGCAAGCAAAGCCAGCAGGACATGAAGTTGCTATTA,chr10,73576224,73576254,PSAP,-,chr10_73576224_-,PSAP_chr10_73576224_-,NM_002778,45.0,-149.0,utr3,long_loop
195,ENST00000229390,CGGCGAGGGCGACGGGCGCATCTACGTGGG,GCTGCGGGGGGACCCGTGCTGAGGCGGCGGCGGCGACGTGGGCTGCGGCGGGCCCGCGGCGTCGGGCGGTGCGGATGTCGGGCTGGGCGGACGAGCGCGGCGGCGAGGGCGACGGGCGCATCTACGTGGGGAACCTTCCGACCGACGTGCGCGAGAAGGACTTGGAGGACCTGTTCTACAAGTACGGCCGCATCCGCGAGATCGAGCTCAAGAACCGGCACGGCCTCGTG,chr12,120907357,120907387,SRSF9,-,chr12_120907357_-,SRSF9_chr12_120907357_-,NM_003769,-630.0,-935.0,cds,bulge
196,ENST00000229390,GCGCGGCGGCGAGGGCGACGGGCGCATCTA,GGGGACGCTGCGGGGGGACCCGTGCTGAGGCGGCGGCGGCGACGTGGGCTGCGGCGGGCCCGCGGCGTCGGGCGGTGCGGATGTCGGGCTGGGCGGACGAGCGCGGCGGCGAGGGCGACGGGCGCATCTACGTGGGGAACCTTCCGACCGACGTGCGCGAGAAGGACTTGGAGGACCTGTTCTACAAGTACGGCCGCATCCGCGAGATCGAGCTCAAGAACCGGCACGGC,chr12,120907363,120907393,SRSF9,-,chr12_120907363_-,SRSF9_chr12_120907363_-,NM_003769,-636.0,-941.0,cds,long_loop
197,ENST00000229390,CGGACGAGCGCGGCGGCGAGGGCGACGGGC,AGCCCGCGGGGACGCTGCGGGGGGACCCGTGCTGAGGCGGCGGCGGCGACGTGGGCTGCGGCGGGCCCGCGGCGTCGGGCGGTGCGGATGTCGGGCTGGGCGGACGAGCGCGGCGGCGAGGGCGACGGGCGCATCTACGTGGGGAACCTTCCGACCGACGTGCGCGAGAAGGACTTGGAGGACCTGTTCTACAAGTACGGCCGCATCCGCGAGATCGAGCTCAAGAACCG,chr12,120907370,120907400,SRSF9,-,chr12_120907370_-,SRSF9_chr12_120907370_-,NM_003769,-643.0,-948.0,cds,long_loop
198,ENST00000522934,GAAAGATTTTGAGGAGATGAGGAAGGCTGG,CATTCGTGCTATCCCTGGGGGTTGCAGCTTTGTATAAGTTTCGTGTGGCTGATCAAAGAAAGAAGGCATACGCAGATTTCTACAGAAACTACGATGTCATGAAAGATTTTGAGGAGATGAGGAAGGCTGGTATCTTTCAGAGTGTAAAGTAATCTTGGAATATAAAGAATTTCTTCAGGTTGAATTACCTAGAAGTTTGTCACTGACTTGTGTTCCTGAACTATGACACA,chr8,100899755,100899785,COX6C,-,chr8_100899755_-,COX6C_chr8_100899755_-,NM_004374,-82.0,-136.0,cds,2-quartet
200,ENST00000219479,CTGGACCCGGGAGCGGACCCTGGTGGCGGT,TGGGCGGCCTCTTCTGGCGCTCCGCGCTGCGGGGGCTGCGCTGCGGCCCGCGGGCCCCGGGCCCGAGCCTGCTAGTGCGCCACGGCTCGGGAGGGCCCTCCTGGACCCGGGAGCGGACCCTGGTGGCGGTGAAGCCCGATGGCGTGCAACGGCGGCTCGTTGGGGACGTGATCCAGCGCTTTGAGAGGCGGGGCTTCACGCTGGTGGGGATGAAGATGCTGCAGGCACCA,chr16,448999,449029,NME4,+,chr16_449029_+,NME4_chr16_449029_+,NM_005009,-475.0,-717.0,cds,2-quartet
202,ENST00000602624,GTTTTGTTTTGCTTTGTTTAAAGCCGTGGG,TTCTTGCACATGAAGGAGAAGGAGAAGTCCGACTGAGGGGCTAGAGCCCTCTCCGCACAGCGTGGAGACGGGGCAAGGAGGGGGGTTATTAGGATTGGTGGTTTTGTTTTGCTTTGTTTAAAGCCGTGGGAAAATGGCACAACTTTACCTCTGTGGGAGATGCAACACTGAGAGCCAAGGGGTGGGAGTTGGGATAATTTTTATATAAAAGAAGTTTTTCCACTTTGAAT,chr1,20978778,20978808,DDOST,-,chr1_20978778_-,DDOST_chr1_20978778_-,NM_005216,-23.0,-450.0,utr3,2-quartet
203,ENST00000602624,GCAAGGAGGGGGGTTATTAGGATTGGTGGT,GCTGGGGCTCTTCATCTTCAGCATCGTCTTCTTGCACATGAAGGAGAAGGAGAAGTCCGACTGAGGGGCTAGAGCCCTCTCCGCACAGCGTGGAGACGGGGCAAGGAGGGGGGTTATTAGGATTGGTGGTTTTGTTTTGCTTTGTTTAAAGCCGTGGGAAAATGGCACAACTTTACCTCTGTGGGAGATGCAACACTGAGAGCCAAGGGGTGGGAGTTGGGATAATTTTT,chr1,20978806,20978836,DDOST,-,chr1_20978806_-,DDOST_chr1_20978806_-,NM_005216,-51.0,-478.0,utr3,2-quartet
204,ENST00000602624,CACAGCGTGGAGACGGGGCAAGGAGGGGGG,AGCGCCTTCTCCATGATGCTGGGGCTCTTCATCTTCAGCATCGTCTTCTTGCACATGAAGGAGAAGGAGAAGTCCGACTGAGGGGCTAGAGCCCTCTCCGCACAGCGTGGAGACGGGGCAAGGAGGGGGGTTATTAGGATTGGTGGTTTTGTTTTGCTTTGTTTAAAGCCGTGGGAAAATGGCACAACTTTACCTCTGTGGGAGATGCAACACTGAGAGCCAAGGGGTGG,chr1,20978823,20978853,DDOST,-,chr1_20978823_-,DDOST_chr1_20978823_-,NM_005216,-68.0,-495.0,utr3,bulge
213,ENST00000394053,CTAGGGAAGAATGTGGTTGTGGCTGGAAGG,TGTAATTAATGTAGGACGAATGTGTTTGGATCAGTATTCCATGTTACCGGCTACTCCATGGGGTGTGTGGGAAATAATCAAGCGAACTGGCATTCCAACCCTAGGGAAGAATGTGGTTGTGGCTGGAAGGTCAAAAAACGTTGGAATGCCCATTGCAATGTTACTGCACACAGATGGGGCGCATGAACGTCCCGGAGGTGATGCCACTGTTACAATATCTCATCGATATA,chr2,74437079,74437109,MTHFD2,+,chr2_74437109_+,MTHFD2_chr2_74437109_+,NM_006636,-516.0,-1467.0,cds,2-quartet
219,ENST00000373616,AGACCTAGGGAAGGTGAGGCGAGGTGGGGA,TCCAGCCCAGCCGGGCTTCAGTTCCATATTTGCCATGTGTCTGTCCAGATGTGGGGTTGAGCGGGGGTGGGGCTGCACCCAGTGGATTGGGTCACCCGGCAGACCTAGGGAAGGTGAGGCGAGGTGGGGAGTTGGCAGAATCCCCATACCTCGCAGATTTGCTGAGTCTGTCTTGTGCAGAGGGCCAGAGAATGGCTTATGGGGGCCCAGGTTGGATGGGGAAAGGCTAA,chr6,36936443,36936473,MTCH1,-,chr6_36936443_-,MTCH1_chr6_36936443_-,NM_014341,-279.0,-504.0,utr3,bulge
226,ENST00000344843,GATTTGCTGCTGCCTTGGGGGATGGGAAGG,CAGGTGGAGCTCAACAGGAAAGTCCTAGCGGATCTGGCCATCTACGAGCCAAAGACTTTCAAATCTTTGGCTGCCTTGGCCAGTAGGAGGCGACACGAAGGATTTGCTGCTGCCTTGGGGGATGGGAAGGAACCTGAAGGCATTTTTTCCAGAGTGGTGCAGTACCACTGAGGACTGTTGCTGTATTGATTAGGAAAAGAGACAGAGTAATTTGCAGTTTGTTTGATTTA,chr1,1337504,1337534,MRPL20,-,chr1_1337504_-,MRPL20_chr1_1337504_-,NM_017971,,,cds,2-quartet
231,ENST00000329421,GAATGAGTAGCTAGGTAGGGGCAGGTGGGT,AGGCTAGTGCAGCCTCAGAAGAAGAGGCAGGGCCCCAGGCTACAGAGCCATCCACTCCCTCGGGGCCGGAGAGTGGCCCTACACCAGCCAGCGCTGAGCAGAATGAGTAGCTAGGTAGGGGCAGGTGGGTGATCTCTAAGCTGCAAAAACTGTGCTGTCCTTGTGAGGTCACTGCCTGGACCTGGTGCCCTGGCTGCCTTCCTGTGCCCAGAAAGGAAGGGGCTATTGCC,chr1,32800178,32800208,MARCKSL1,-,chr1_32800178_-,MARCKSL1_chr1_32800178_-,NM_023009,-135.0,-720.0,"cds,utr3",2-quartet
233,ENST00000262948,AGAGCTGGGCGCGGGCAACGGCGGGGTGGT,AGCTGGAACTTGACGAGCAGCAGAAGAAGCGGCTGGAAGCCTTTCTCACCCAGAAAGCCAAGGTCGGCGAACTCAAAGACGATGACTTCGAAAGGATCTCAGAGCTGGGCGCGGGCAACGGCGGGGTGGTCACCAAAGTCCAGCACAGACCCTCGGGCCTCATCATGGCCAGGAAGCTGATCCACCTTGAGATCAAGCCGGCCATCCGGAACCAGATCATCCGCGAGCTG,chr19,4117463,4117493,MAP2K2,-,chr19_4117463_-,MAP2K2_chr19_4117463_-,NM_030662,,-1214.0,cds,2-quartet
237,ENST00000311086,AGTAGACAGGATTATTTCTCAGGTGGTGGA,CACATCTGGACAAGCAGGAATGGAATCCTACGATGAACAAAAACCAGTTGCGAAATGGTCTGAGGCAGAGTGTGGTTCAGTCAGGGATGTTGGAAGCTGGAGTAGACAGGATTATTTCTCAGGTGGTGGATCCAAAACTTAACCACATCTTCAGGCCACAAATAGAACGAGCAATTCATGAGTTCCTGGCGGCCCAGAAAAAAGCAGCTGTGCCAGCACCCCCTCCAGAG,chr5,173036387,173036417,BOD1,-,chr5_173036387_-,BOD1_chr5_173036387_-,NM_138369,-387.0,-875.0,cds,2-quartet
240,ENST00000401473,CGCATCCCAGCCATCACTCTTCCACCTGCT,TACCAGCGGCGGCCGCGGCGGAGCCAGGCCGGTCCTCAGCGCCCAGCACCGCCGCTCCCGGCAACCCGGAGCGCGCACCGCAGGCCGGCGGCCGAGCTCGCGCATCCCAGCCATCACTCTTCCACCTGCTCCTTAGAGAAGGGAAGATGAGTGAGTCGAGCTCGAAGTCCAGCCAGCCCTTGGCCTCCAAGCAGGAAAAGGACGGCACTGAGAAGCGGGGCCGGGGCAGG,chr6,34205092,34206596,HMGA1,+,chr6_34206596_+,HMGA1_chr6_34206596_+,NM_145899,-494.0,,utr5,Others
